Price,Close,High,Low,Open,Volume,sma,ema,wma,rsi_5,mtm_5,cci_5,wr_5,atr_5,target
Ticker,WMT,WMT,WMT,WMT,WMT,,,,,,,,,
Date,,,,,,,,,,,,,,
2024-01-03,52.20116424560547,52.52885767943437,52.079918950131315,52.35518188456261,18756000,51.88592529296875,51.86473541259767,51.98554306030273,92.56186588954057,0.947021484375,121.93937447730646,-24.154799048175335,0.48710642047220376,1
2024-01-04,51.69651794433594,52.27980862017529,51.60804124771915,52.1716700187409,19282500,51.87805938720703,51.808662923177096,51.92240727742513,48.66444177161199,-0.03932952880859375,-13.02939089751846,-80.89183844837258,0.5371598054101684,1
2024-01-05,51.352447509765625,51.807937710614226,50.988711620988184,51.74895199211309,21709500,51.82169799804687,51.656591118706615,51.747203318278,34.65678520685915,-0.28180694580078125,-119.2373856232053,-76.38302635112376,0.608543257101476,1
2024-01-08,51.857086181640625,51.87019286792663,51.34261030613519,51.34916552434062,20680800,51.86102066040039,51.723422806351294,51.75899937947591,57.228052715206815,0.19661331176757812,-41.20270334972196,-43.61738902032943,0.5890868795522618,1
2024-01-09,52.20444107055664,52.21427389849133,51.686691303081744,51.752228488812726,23322300,51.86233139038086,51.88376222775308,51.87347284952799,67.02765040496665,0.00655364990234375,50.099702485836595,-21.064015785945823,0.574879084790976,1
2024-01-10,52.853271484375,52.922086282704775,52.286368800521394,52.286368800521394,20121900,51.99275283813476,52.20693197996039,52.20378621419271,78.5190082407552,0.6521072387695312,146.547991832435,-3.5593100340249872,0.6068669848812992,1
2024-01-11,52.79428482055664,53.04988208446727,52.486253310068285,52.8729286901734,14355300,52.21230621337891,52.402716260159146,52.47096354166667,75.52770534882642,1.0977668762207031,89.37595901796817,-12.400588327818497,0.5974067114881396,-1
2024-01-12,52.863101959228516,52.93519436381675,52.55507043506741,52.87948625571447,13629000,52.51443710327148,52.55617815984894,52.68789545694987,76.81575142862498,1.5106544494628906,61.029056112049076,-10.940269007505654,0.5507434822439041,-1
2024-01-16,53.03022003173828,53.21700250291684,52.83360473305696,52.90241952507669,17032500,52.749063873291014,52.71419211714539,52.859823099772136,80.00960437469016,1.1731338500976562,96.97952638581285,-12.20552206627563,0.5153273154045432,-1
2024-01-17,52.78117752075195,53.082653830804276,52.636992709406265,52.882760910518186,14827800,52.864411163330075,52.73652058501425,52.87052764892578,63.670739916952776,0.5767364501953125,9.06368625408582,-46.83099065110975,0.5007530956393323,-1
2024-01-18,53.49226760864258,53.54142049779175,52.65337963342987,52.81067112878225,18190500,52.992210388183594,52.98843625955703,53.079813130696614,78.98651505811381,0.6389961242675781,125.89829644309437,-4.658303415899212,0.581035329367454,-1
2024-01-19,53.21044921875,53.60040219363682,52.90241771963256,53.55452316710615,19175400,53.075443267822266,53.06244057928802,53.15255940755208,65.34014250231425,0.4161643981933594,84.14359316481836,-37.30423109123632,0.6051025914996291,1
2024-01-22,53.21372985839844,53.39723472459763,52.92208263782517,53.34480422709429,13938300,53.14556884765625,53.1128703389915,53.19865493774414,65.42705851904458,0.3506278991699219,37.42816633426509,-40.135824025772806,0.5785137633719554,1
2024-01-23,53.34808349609375,53.364467792690476,53.01056098600099,53.12525481230319,12066600,53.20914154052734,53.19127472469225,53.26615982055664,69.36036303450003,0.31786346435546875,52.230755420166226,-26.190182022609743,0.5327682949370729,1
2024-01-24,52.594398498535156,53.43656415642113,52.53541277634213,53.38085604381528,22932900,53.17178573608398,52.99231598263989,53.06124547322591,38.58156982047968,-0.18677902221679688,-166.66666666667882,-94.46137949963244,0.6075222297022679,1
2024-01-25,53.36119079589844,53.37102362404441,52.56817808108817,52.88931629827067,16369500,53.14557037353516,53.11527425372608,53.12438049316406,60.73835040905541,-0.13107681274414062,-12.839688697146581,-22.461387301484194,0.6470425303984744,1
2024-01-26,53.82978820800781,53.865830658674085,53.302205632882036,53.43000239011908,15746400,53.26943817138672,53.35344557181999,53.35245310465495,69.22043470545101,0.6193389892578125,155.46658180068837,-2.7091075026064115,0.630203718853653,1
2024-01-29,54.08210754394531,54.203352832219956,53.58401970430688,53.85600126310206,18240300,53.44311370849609,53.596332895861764,53.62334289550781,73.12790926399133,0.868377685546875,110.39231683325998,-7.269163411920854,0.628013439254652,1
2024-01-30,54.2623405456543,54.33443294946643,53.61679027075701,53.970697071243855,15270000,53.6259651184082,53.81833544579261,53.89641850789388,75.86378653283532,0.9142570495605469,81.71779381154558,-4.007314920039762,0.6460457310083402,1
2024-01-31,54.15092468261719,54.98653880033689,54.10504940267722,54.98653880033689,26134800,53.93727035522461,53.92919852473414,54.071405029296876,70.33075483372092,1.5565261840820312,104.05764707792997,-34.55291475207596,0.6933578896910015,1
2024-02-01,55.15365982055664,55.16677025789575,54.12798935615254,54.29838754030991,20792700,54.29576416015625,54.33735229000831,54.47686818440755,83.70268197002939,1.7924690246582031,122.25043631390054,-0.7031366552399221,0.7627044760977219,-1
2024-02-02,55.566551208496094,55.89751849216911,55.02585818305872,55.10122819571818,21670800,54.6431167602539,54.74708526283757,54.9004638671875,86.77142298517302,1.7367630004882812,130.16398017752084,-14.30591990838458,0.7845617021124413,-1
2024-02-05,55.268348693847656,55.710728411147585,55.075011011797216,55.710728411147585,19145100,54.880364990234376,54.920839739840936,55.10887451171875,74.16408910783709,1.1862411499023438,73.14428917462385,-27.586355639161077,0.7547206904209923,-1
2024-02-06,55.645198822021484,55.69107785460575,55.16349523076362,55.3109539066052,14181300,55.15693664550781,55.162292767234455,55.36381912231445,78.9869343924949,1.3828582763671875,63.98295266767124,-14.07665390866808,0.709205037027485,-1
2024-02-07,55.5042839050293,55.92372785824822,55.445301942935856,55.7959311069626,17082600,55.427608489990234,55.27628981316607,55.479601542154946,72.64819770415824,1.3533592224121094,81.13900284430841,-23.357741270759636,0.6629776793131797,-1
2024-02-08,55.501014709472656,55.88768635497644,55.42564469588184,55.504288568655895,14427900,55.49707946777344,55.351198111934934,55.50407028198242,72.47952037815307,0.3473548889160156,75.0756348340924,-47.079566272950444,0.622740664257464,-1
2024-02-09,55.471519470214844,55.61898188674408,55.35355178706648,55.507565672027546,14329800,55.47807312011719,55.39130523136157,55.49555028279622,70.63007061095945,-0.09503173828125,-25.28441721808372,-53.28142005479586,0.5512077085334762,-1
2024-02-12,55.80576705932617,55.825428965821295,55.3961521326158,55.45513785210116,14795100,55.58555679321289,55.52945917401644,55.60478159586589,78.42753467326995,0.5374183654785156,94.79092486692173,-15.516408354157152,0.5268021974298797,1
2024-02-13,55.42564392089844,56.05808750405636,55.140551917063,55.91062508824492,18574200,55.54164581298828,55.49485408964377,55.5514773050944,56.938297736936846,-0.21955490112304688,-49.5824477620287,-68.9285072015958,0.6049984380982851,1
2024-02-14,55.248695373535156,55.34044594019139,54.90134376371065,55.29784826641357,18484500,55.49052810668945,55.41280118427424,55.453827158610025,49.10863582395996,-0.2555885314941406,-160.80870331937572,-69.97160237748979,0.5888505939864734,1
2024-02-15,55.47479248046875,55.65830108359728,55.0422418447011,55.64191303856373,16948800,55.48528366088867,55.43346494967241,55.44858194986979,58.27319672131569,-0.02622222900390625,-28.393139145148993,-50.4256045002053,0.5942945312917398,1
2024-02-16,55.82542419433594,56.33990007829709,55.47479501707974,55.80248468036477,22373400,55.55606460571289,55.564118031226926,55.56196212768555,69.0703409675119,0.35390472412109375,115.19020660910786,-35.763346818233956,0.6484747270778336,1
2024-02-20,57.62772750854492,59.42675256452793,57.42128311691168,58.48627741910119,71788500,55.92045669555664,56.25198785699959,56.252516428629555,88.38354123687752,1.82196044921875,166.66666666666583,-39.753868328052654,1.2391988164423389,1
2024-02-21,56.91991424560547,57.53597352458457,56.624989417808315,57.345909691076415,40551600,56.21931076049805,56.474629986534886,56.5856689453125,67.64728647406612,1.4942703247070312,46.165476676576624,-55.39473734328114,1.1918968470665128,1
2024-02-22,57.48026657104492,57.49992847663407,56.79211487592493,56.97889735383427,29512800,56.665625,56.809842181371565,57.005987548828124,73.74336421752079,2.2315711975097656,38.72722869534503,-44.39459994204069,1.095064108696694,-1
2024-02-23,57.529422760009766,58.21429688513042,57.447501273793264,57.7030985608639,74365800,57.076551055908205,57.04970237425097,57.29392013549805,74.2748896752795,2.0546302795410156,57.19868397306717,-48.009873125871174,1.0294016811910958,-1
2024-02-26,58.59113311767578,58.827072222567196,57.19517164328654,58.119258658017806,32154800,57.62969284057617,57.56351262205925,57.798780822753905,83.36603548182205,2.7657089233398438,82.63292882230829,-29.824771156352625,1.1499142759061867,-1
2024-02-27,58.581302642822266,58.7877470108489,58.2175667919956,58.63045552804888,18012700,57.82040786743164,57.9027759623136,58.11598409016927,83.02644440324602,0.9535751342773438,105.23992103332688,-11.160778296520101,1.0339575999925747,-1
2024-02-28,58.61079788208008,58.74842747076347,58.306047721459734,58.54198308773839,14803300,58.15858459472656,58.13878326890243,58.37944742838542,83.28185716592041,1.6908836364746094,74.2042213535619,-10.627954479929347,0.9156339771663187,1
2024-02-29,57.617897033691406,58.48300214210607,57.59823512780413,58.44367833033152,29245100,58.18611068725586,57.96515452383209,58.1992182413737,50.99338111991364,0.13763046264648438,-64.19763986360745,-74.09613086900168,0.9350207881066306,1
2024-03-01,57.76535415649414,57.85383085555614,57.21483580688613,57.804677967216136,19017700,58.233296966552736,57.89855440138611,58.058966064453124,54.28370083215147,0.235931396484375,-113.04744940779636,-65.06021748831438,0.8758130613590961,1
2024-03-04,58.29621505737305,58.38469175750732,57.411451806155355,57.50975758402675,16033300,58.174313354492185,58.031107953381756,58.07993876139323,64.89141262829332,-0.2949180603027344,-18.867796766122847,-31.249822128388203,0.8952991183476569,1
2024-03-05,59.02368927001953,59.31861034729296,58.571476701525285,58.856564951152116,19676900,58.26279067993164,58.36196839226102,58.36306406656901,74.8769243890058,0.4423866271972656,114.88773566562006,-14.018663673741226,0.9207190612666957,1
2024-03-06,59.544715881347656,59.59386876858647,59.02368852639143,59.102332395948544,12698700,58.44957427978515,58.7562175552899,58.79037246704102,79.97570683634719,0.9339179992675781,105.02930859196421,-2.066086852520155,0.8506097339621194,1
2024-03-07,59.33827209472656,60.03625285078076,59.32843926710611,59.96743805793739,16195300,58.79364929199219,58.950235735102126,59.086605072021484,72.67093968792196,1.7203750610351562,79.72342112208318,-24.738659517372152,0.8220499943818452,1
2024-03-08,59.10232925415039,59.25962073502813,58.71893150389369,58.984361581023265,12132000,59.06104431152344,59.00093357478488,59.18949839274089,64.2829294869082,1.33697509765625,5.066544774375605,-35.58073853036182,0.7815075350307344,1
2024-03-11,59.63319396972656,59.682346858112155,58.85656558280919,59.082671869482915,14154000,59.32844009399414,59.211687039765444,59.38021494547526,73.03613899682556,1.3369789123535156,37.667264899892984,-27.516756144552758,0.790362384189685,-1
2024-03-12,60.37049865722656,60.52779015042555,59.62336500206261,59.918286083045096,16613100,59.597801971435544,59.59795757891915,59.72756779988607,81.08417521800597,1.3468093872070312,153.21843310084785,-8.69562104814361,0.813175145404885,-1
2024-03-13,60.242698669433594,60.41965206958239,59.84947180808908,60.22303676384762,15935200,59.73739852905273,59.8128712757573,59.94253336588542,76.15898700126043,0.6979827880859375,83.06363239368034,-15.760849060183169,0.7645758134825547,-1
2024-03-14,60.19140625,60.60570123888224,59.777107498220495,60.447874038894156,16584700,59.90802536010742,59.93904960050487,60.09386927286784,73.9068047049461,0.8531341552734375,57.384771526342064,-21.95789879387453,0.7773794737686747,-1
2024-03-15,59.85602569580078,60.31964476307136,59.639011874883074,59.85602569580078,50904600,60.0587646484375,59.911374965603514,60.07653605143229,59.52064929049186,0.7536964416503906,-9.383531300810201,-42.85977136642107,0.7580300661591858,-1
2024-03-18,60.03357696533203,60.07303470468319,59.56995793519877,59.865883454538185,16801700,60.138841247558595,59.95210896551303,60.0681401570638,64.1398641983484,0.40038299560546875,-95.46987882539662,-55.23803740903113,0.7070392160448117,-1
2024-03-19,60.04344177246094,60.240726713724705,59.77710766618943,60.14208612454146,12353600,60.073429870605466,59.98255323449567,60.03634033203125,64.4218278279823,-0.327056884765625,-13.330939517308908,-54.285599957220086,0.6583550366235922,-1
2024-03-20,60.41828155517578,60.447872978749174,59.91520853994215,60.01384912711825,12007600,60.10854644775391,60.12779600805571,60.15129089355469,74.09602065548158,0.1755828857421875,100.72900125346953,-18.0951866200755,0.6332168568662968,-1
2024-03-21,60.61556625366211,60.8227137436543,60.22099638071751,60.44787274064664,14265900,60.19337844848633,60.29038608992452,60.32029749552409,78.02682678328114,0.4241600036621094,127.85120431221172,-16.5353446053922,0.6269169460121636,-1
2024-03-22,60.04344177246094,60.694479444603296,60.02371290204483,60.4873319495801,14025400,60.23086166381836,60.20807131743666,60.270318603515626,50.33743717812423,0.18741607666015625,20.11890037535415,-62.20461848459474,0.6356868787613073,-1
2024-03-25,59.747520446777344,60.16181922887749,59.540372937176045,60.04344599805029,14186600,60.17365036010742,60.05455436055023,60.109204864501955,40.943456093206684,-0.2860565185546875,-115.705247749128,-83.84614226149468,0.632838757857549,-1
2024-03-26,59.688331604003906,60.00398977819966,59.4121349348422,59.6390113077818,13738300,60.10262832641602,59.932480108368125,59.94743194580078,39.11825125752776,-0.35511016845703125,-96.7252761292315,-80.41962154569002,0.624641966918142,-1
2024-03-27,59.89548110961914,60.220998065442394,59.5600978371028,60.04344199393979,14363400,59.998068237304686,59.92014710878514,59.87838287353516,49.05382133646252,-0.5228004455566406,-35.00788583591628,-65.73419565376962,0.6318936248923563,-1
2024-03-28,59.35294723510742,59.94480206763025,59.34308468120251,59.83629516018953,17535100,59.74554443359375,59.7310804842259,59.663342539469404,31.97214681150256,-1.2626190185546875,-106.60125961181977,-99.27019445597891,0.6258583734110437,-1
2024-04-01,59.18525314331055,59.93493136078445,59.11620398234179,59.49104497252726,13837600,59.57390670776367,59.549138037254124,59.47657877604167,28.180659051444177,-0.8581886291503906,-112.23968515832638,-93.75004247171806,0.6644321937879104,-1
2024-04-02,58.356658935546875,59.28389320532752,58.08046229410094,59.08661204023587,19510100,59.29573440551758,59.15164500335171,59.07082951863607,16.266456801058187,-1.3908615112304688,-164.1312697200953,-87.09684532518487,0.7722319805825396,1
2024-04-03,58.62299728393555,58.69204644931472,58.139649363384024,58.573676989078606,14615100,59.08266754150391,58.97542909687966,58.84658381144206,28.424891339518986,-1.0653343200683594,-89.0005715664818,-74.65424324609137,0.7282649875217235,1
2024-04-04,58.69204330444336,58.99783513680694,58.48489581940533,58.731501043373584,14436100,58.84197998046875,58.88096716606756,58.716375732421874,31.641411248793087,-1.2034378051757812,-35.08772531196367,-67.19583956605403,0.6851998424252176,-1
2024-04-05,59.03729248046875,59.224714869629786,58.6821840985318,58.74136694740597,10332300,58.778849029541014,58.93307560420129,58.781479899088545,46.63174336220961,-0.3156547546386719,33.6675694194236,-48.40409022950245,0.656666022290705,-1
2024-04-08,58.96824264526367,59.22471419713053,58.61313050446172,58.7906865748627,11070100,58.73544692993164,58.944797951222085,58.844611104329424,44.208145968341064,-0.217010498046875,74.5479145199487,-26.22922156304992,0.6476495548826621,-1
2024-04-09,58.978111267089844,59.155667344430704,58.49476333146253,59.05702298874277,10015900,58.859737396240234,58.955902389844674,58.925499216715494,44.72140862282328,0.6214523315429688,32.21376004803134,-22.727070496708556,0.6503004468487289,-1
2024-04-10,59.79683303833008,59.93493136026642,58.58353580045035,58.81041215261676,15097600,59.09450454711914,59.23621260600648,59.23786443074544,71.71036404912444,1.1738357543945312,166.6666666666733,-9.52378876550377,0.790519484208985,-1
2024-04-11,59.27403259277344,60.06316856766624,59.25430372303898,59.92507024242214,10987600,59.21090240478516,59.24881926826214,59.297707112630206,51.60104954875001,0.5819892883300781,94.88486384375281,-50.3145460546209,0.7941885566017584,-1
2024-04-12,59.32335662841797,59.89548259812184,59.1359379984619,59.18525829446114,12278100,59.268115234375,59.27366505498075,59.335191853841145,53.150414608392104,0.28606414794921875,50.19393909955958,-47.16969327639893,0.7872597647463949,-1
2024-04-15,59.11620330810547,59.87574783299612,59.096474439068395,59.68832545859246,10557200,59.29770736694336,59.221177806022325,59.28455454508464,45.50320325941044,0.14796066284179688,11.302635870134173,-60.37758850211943,0.7856624904965358,-1
2024-04-16,59.027427673339844,59.47131783743784,58.96824106382772,59.214846292449145,14726300,59.30757064819336,59.1565944284615,59.194461313883465,42.24705078052756,0.04931640625,-150.46782712377836,-69.99986194380301,0.7291453446813336,-1
2024-04-17,58.84001159667969,59.60941873909716,58.761096113920296,59.33322207523393,15329700,59.116206359863284,59.051066817867564,59.03860829671224,35.53646988676392,-0.9568214416503906,-101.03427335436446,-93.9392402832608,0.7529808016029709,-1
2024-04-18,58.455299377441406,59.12606587325074,58.41584540225622,59.01756273787021,12061500,58.952459716796874,58.85247767105885,58.81830596923828,25.246669237567254,-0.8187332153320312,-145.00686283352314,-97.33353721470161,0.7444287352451842,1
2024-04-19,58.72163391113281,58.859732232572334,58.169240625374734,58.6427221972661,14160200,58.832115173339844,58.80886308441684,58.741364034016925,40.22473413526296,-0.6017227172851562,-93.3204420355092,-67.63018150224913,0.7336413093974208,1
2024-04-22,59.32335662841797,59.579828188249834,58.23829506484514,58.751234421611485,14910000,58.87354583740235,58.98036093241722,58.905111185709636,61.82576386171084,0.2071533203125,42.49966298716381,-19.862967500582663,0.8552196743469793,-1
2024-04-23,58.28761672973633,59.53050552743456,57.76481480665102,59.4318649331195,17963900,58.72558364868164,58.749446198190256,58.709801483154294,34.781836569448146,-0.7398109436035156,-74.81229772210033,-71.6577681588253,1.0373138862081537,-1
2024-04-24,59.05702209472656,59.224715615408755,58.01141828054496,58.179108038329794,18529100,58.768985748291016,58.85197149703569,58.82028096516927,53.62021499736345,0.217010498046875,20.68829350302481,-28.804531075288274,1.07251057633728,-1
2024-04-25,59.39240264892578,59.70805704207515,59.01756540887164,59.234575452351095,19263000,58.95640640258789,59.03211521433239,59.02808659871419,59.927143830466406,0.937103271484375,121.99265719836148,-16.243697640735533,0.9961067870193572,-1
2024-04-26,59.34308624267578,59.56996261743185,59.185259035762975,59.2937659460588,11045200,59.08069686889648,59.135772223780194,59.15697987874349,58.46579263980914,0.6214523315429688,79.03354068892548,-18.781539056025498,0.8738261450643148,-1
2024-04-29,59.422000885009766,59.56996177276271,59.12607158370912,59.36281427217016,9785100,59.100425720214844,59.23118177752339,59.270747884114584,60.397451103137335,0.09864425659179688,55.97594576836859,-14.720560918795966,0.7878389533643381,-1
2024-04-30,58.5440788269043,59.48117943315617,58.35666021081277,59.38253884845476,14209200,59.15171813964844,59.00214746065036,59.08529891967773,36.67687869835847,0.25646209716796875,-79.85850567213538,-68.60495242493843,0.85517500747203,1
2024-05-01,58.05086898803711,58.60326605170624,57.922636979156266,58.50462546596757,15464300,58.950487518310545,58.685054636445955,58.71834920247396,28.748168857522007,-1.0061531066894531,-130.95952245321962,-92.81782413315082,0.8202658203582687,1
2024-05-02,58.899192810058594,59.076748878438686,57.78453986876908,58.13964824263204,17574100,58.85184555053711,58.75643402765017,58.70125096638997,51.356727810931915,-0.4932098388671875,-45.28732189279067,-37.56924279561479,0.9146544585003301,1
2024-05-03,59.0077018737793,59.16552907779315,58.336935315996065,58.81041692803763,14207400,58.784768676757814,58.84018997635988,58.75320307413737,53.70539561946535,-0.3353843688964844,18.22018244760899,-31.491710599368737,0.8974423191188644,1
2024-05-06,59.05702209472656,59.185257873730905,58.583540483284395,59.185257873730905,11119400,58.71177291870117,58.912467349148784,58.843954213460286,54.94147065861447,-0.3649787902832031,80.60144587458714,-24.999849545700958,0.8382973332721874,1
2024-05-07,59.79683303833008,59.97438909879024,59.23457343450525,59.35294288717968,14520200,58.96232376098633,59.20725591220922,59.205640920003255,69.97366855328708,1.2527542114257812,149.1537981789416,-8.108140872257518,0.8541112674544865,-1
2024-05-08,59.481178283691406,60.02370901485908,59.40226657003465,59.80669898013023,11015700,59.24838562011719,59.29856336936995,59.37859242757161,59.40397129146149,1.4303092956542969,80.68950579751993,-24.2291089136804,0.8075775028719757,-1
2024-05-09,59.82564163208008,59.96422173996955,59.340624470193404,59.588083284684686,14550500,59.433675384521486,59.474256123606665,59.57101109822591,66.33962699017854,0.9264488220214844,62.42213304502854,-11.742380315303148,0.770781456217069,1
2024-05-10,59.865238189697266,59.96422398475246,59.54849119736463,59.79595002111962,12356600,59.60518264770508,59.6045834789702,59.714865366617836,67.14614620841776,0.8575363159179688,66.58098029724982,-11.003630595131908,0.6997717223960406,1
2024-05-13,59.79595184326172,60.72639568960168,59.67717266149796,60.00381635532882,19260500,59.75296859741211,59.66837293373404,59.778455098470054,63.802401849460416,0.7389297485351562,157.02101171354178,-62.36961830816895,0.7696619835810237,1
2024-05-14,59.25154495239258,59.93452998798689,58.835812139827446,59.90483613563303,18780100,59.64391098022461,59.52943027328689,59.611313883463545,42.846275230408345,-0.5452880859375,-138.97857281377625,-78.01034433972637,0.8354731565294375,1
2024-05-15,59.22185134887695,59.330730066606,58.865510015444485,59.22185134887695,22240600,59.592045593261716,59.426903965150245,59.47062733968099,41.9078098526174,-0.2593269348144531,-106.00653168033311,-79.58094953827319,0.7614225354263916,1
2024-05-16,63.3593635559082,63.76519212685518,62.30023624606084,63.56722807544366,60545600,60.298789978027344,60.737723828736236,60.726399993896486,87.93509774776359,3.533721923828125,166.6666666666675,-8.232852245413568,1.5178061841775061,1
2024-05-17,63.992855072021484,64.22051296702864,62.98322259055993,63.58701896515208,29330400,61.12431335449219,61.82276757649799,61.95775502522786,89.5237060843948,4.127616882324219,93.79232443693425,-4.2278652484670225,1.4617030226214607,1
2024-05-20,63.52762985229492,64.10173613870333,63.220779549981245,63.76518820976446,15001400,61.87064895629883,62.39105500176364,62.75886052449544,79.86970051161934,3.731678009033203,59.466865999289965,-12.867625091324852,1.3455537358179255,1
2024-05-21,64.4877700805664,64.52736439803569,63.79488085261989,63.874069487558444,17131700,62.917893981933595,63.08996002803123,63.63123423258464,84.25100761019002,5.236225128173828,68.21332583354393,-0.6993171281660437,1.2763898977912222,-1
2024-05-22,64.58675384521484,65.02228379731291,64.07204280788046,64.31950163487363,14879400,63.990874481201175,63.58889130042577,64.18752085367838,84.68067500900808,5.364902496337891,105.28969900383932,-16.000086107890844,1.2111601161109626,-1
2024-05-23,64.18091583251953,64.85400412396767,63.90376316283686,64.50756328686433,16222900,64.15518493652344,63.786232811123696,64.25086797078451,74.29283338324916,0.8215522766113281,42.1523204751036,-41.26251639759169,1.1589762851094896,1
2024-05-24,64.71543884277344,65.02229296677157,64.34920456035734,64.46797998088357,11793800,64.29970169067383,64.09596815500694,64.43761927286783,78.61228896324963,0.7225837707519531,96.93391415058048,-17.03313009707379,1.0954564549327002,-1
2024-05-28,64.3788833618164,64.80451280681612,64.08192977624697,64.55705400278939,13349600,64.46995239257812,64.19027322394344,64.4640131632487,69.4305362031291,0.8512535095214844,-14.386256860671768,-52.420014234571475,1.0208817700550132,1
2024-05-29,64.2601089477539,64.54716210475245,63.992856726738374,64.09183875112026,11538600,64.42442016601562,64.21355179854693,64.3940653483073,66.02847098514773,-0.2276611328125,-87.22405562622714,-68.14159232382463,0.9275664916418417,1
2024-05-30,64.23041534423828,64.50756803431808,64.1116323834136,64.27000966451317,13053500,64.35315246582032,64.21917298044406,64.3293970743815,65.03266735650891,-0.3563385009765625,-57.80851052973937,-70.7962916810675,0.8212403234898265,1
2024-05-31,65.09156799316406,65.23014432367306,63.50783310745863,64.01264364637986,27632200,64.53528289794922,64.50997131801739,64.57553558349609,77.39267779543466,0.9106521606445312,65.21529383675973,-8.04595181198331,1.0014545020409058,-1
2024-06-03,65.15096282958984,65.1707562138982,64.49767542159152,64.84411628582127,11578700,64.6223876953125,64.72363515520821,64.7807622273763,78.06124769406898,0.43552398681640625,134.14685129431376,-4.597397574710871,0.9357797600922647,1
2024-06-04,65.92302703857422,65.96262135533537,65.16085720849229,65.31922692369315,14780800,64.93121643066407,65.12343244966355,65.21430867513021,85.18173586723746,1.5441436767578125,139.10328073482813,-1.6129422484974176,0.9109555132223744,-1
2024-06-05,66.40804290771484,66.4674381576198,65.60627877651218,65.89333190354806,14982700,65.36080322265624,65.55163593568065,65.70658416748047,88.19134899998753,2.1479339599609375,108.686503812197,-2.006864054435842,0.9009962867992477,-1
2024-06-06,66.46744537353516,66.75449853173441,66.09130310672846,66.37835626492773,13256000,65.80820922851562,65.85690574829883,66.07546488444011,88.54745070176806,2.237030029296875,91.81320672892623,-8.841476428489337,0.853436114439923,-1
2024-06-07,65.2103500366211,66.88317419207638,64.97279166751171,66.71490399528409,20213200,65.83196563720703,65.64138717773959,65.87617848714193,49.25556750768308,0.11878204345703125,-14.98701036611552,-70.12471254031635,1.064825396467239,1
2024-06-10,66.27936553955078,66.64560729024751,65.59637681998026,66.50703096335543,21667400,66.05764617919922,65.85404663167665,66.02531178792317,65.51951463029789,1.1284027099609375,35.25545104537207,-31.606688438651563,1.1389117678997385,-1
2024-06-11,66.05171966552734,66.27937757884139,65.67557737977313,66.26947711030975,13367500,66.08338470458985,65.91993764296022,66.02333628336588,60.369145292284635,0.128692626953125,-30.483346658962184,-43.52293406465847,1.0318894541326757,1
2024-06-12,65.63597869873047,66.25957979344983,65.23015013802126,66.17049068627094,11704700,65.92897186279296,65.82528466155031,65.87420094807943,51.18419821550456,-0.772064208984375,-80.61581762918107,-65.2851184152305,1.0313974943918522,1
2024-06-13,66.02200317382812,66.08139841960126,65.27962679233,65.62607514517026,11196600,65.83988342285156,65.89085749897626,65.90521138509115,58.51074461128028,-0.44544219970703125,-30.772493801772082,-45.07845979404036,0.9854723209675212,1
2024-06-14,66.33875274658203,66.427841842837,65.62607773575918,65.86363607270013,12590100,66.06556396484375,66.04015591484486,66.07150115966797,64.04555421375422,1.1284027099609375,66.87397530054588,-21.678829569856962,0.9487306781894453,1
2024-06-17,66.73468780517578,66.75448873833666,65.73495968400705,66.23977020195998,12103000,66.15662841796875,66.27166654495517,66.29454243977865,70.24726930018902,0.455322265625,127.63779740964836,-1.2989852226259369,0.9628903534175199,-1
2024-06-18,66.91287231445312,67.1801321046209,66.6159262220771,66.94256616850623,12093500,66.3288589477539,66.48540180145449,66.54662373860677,72.87888656251862,0.8611526489257812,127.53506649439505,-13.705757014451569,0.8831534592425863,1
2024-06-20,67.3187026977539,67.43747810380296,66.61592052186819,66.66540775710722,13860800,66.6654037475586,66.76316876688763,66.87657165527344,78.33455666710236,1.6827239990234375,100.34459594339818,-5.504336902989715,0.8708342837809997,-1
2024-06-21,67.21971130371094,67.8532052204654,67.14052267615584,67.56615210946053,25891500,66.90494537353516,66.9153496124954,67.06134084065755,73.80761740906946,1.1977081298828125,96.9586956110113,-28.444438906380142,0.839203935886664,-1
2024-06-24,68.19965362548828,68.33822996322924,67.2098183262848,67.35829513153413,12470400,67.27712554931641,67.3434509501597,67.49291025797525,84.7283287962123,1.86090087890625,125.1897132983634,-5.323163670211062,0.8970454760982878,-1
2024-06-25,66.73468780517578,66.90295797782676,65.87353600876001,66.48722900356788,20904000,67.27712554931641,67.14052990183174,67.31209767659506,47.62331788017909,0.0,-113.35747042658559,-65.0604978823337,1.182859904224559,-1
2024-06-26,67.59585571289062,67.9027022491496,66.52683174213487,66.71490287176161,14177500,67.41372222900391,67.29230517218471,67.41834106445313,60.3744686328094,0.6829833984375,15.72611967855711,-30.12034208111184,1.2214620247826218,-1
2024-06-27,67.19001770019531,67.88290694392992,66.98215319262815,67.59585379961982,12899200,67.38798522949219,67.25820934818825,67.3437728881836,52.80201243211511,-0.12868499755859375,10.038702368766312,-46.586403190216565,1.1573203700864134,1
2024-06-28,67.0217514038086,67.40778659054735,66.63571621706986,67.18012868649346,18816700,67.34839324951172,67.17939003339504,67.22169494628906,49.57918356094914,-0.19795989990234375,-36.83884506786379,-53.413469734588205,1.0802703707645909,1
2024-07-01,66.7940902709961,67.54635967185179,66.56642482610285,67.19991882253086,8666000,67.06728057861328,67.05095677926207,67.03692728678385,44.94019314941796,-1.4055633544921875,-18.498270733661954,-54.63386666341634,1.0602032657614533,1
2024-07-02,67.37808227539062,67.38798274198219,66.57631817387052,66.75448881330202,9436500,67.19595947265626,67.15999861130493,67.14052785237631,57.646997195849956,0.6433944702148438,-20.284441589320394,-38.130039933573414,1.0104955262314803,1
2024-07-03,67.54637145996094,67.5562719293391,66.93267829173264,67.12074189884513,6287500,67.18606262207031,67.28878956085694,67.25733184814453,60.89760328566776,-0.0494842529296875,81.87436889094701,-25.563240047989133,0.9331151485064572,1
2024-07-05,69.32807159423828,69.43695409124254,67.40778852181198,67.46718378044275,21586100,67.61367340087891,67.96855023865072,67.9713348388672,80.60115302321526,2.1380538940429688,166.6666666666676,-3.7931157270037708,1.152325232691322,-1
2024-07-08,68.97172546386719,69.42704880526966,68.64507799552057,69.18949044276494,12077700,68.00366821289063,68.30294198038955,68.42401885986328,71.58335334731031,1.9499740600585938,95.01038332117935,-16.207067909921236,1.0782543481028652,-1
2024-07-09,69.18949127197266,69.53593212807822,68.96182582262085,69.18949127197266,9758400,68.48274841308594,68.59845841091726,68.81929321289063,73.8207557076025,2.3954010009765625,74.47909557309475,-11.70560963239894,0.977424739573752,-1
2024-07-10,69.6943130493164,69.72400690255702,69.01132421740361,69.38745894485916,10803400,68.9459945678711,68.96374329038365,69.22314809163412,78.6840847408718,2.3162307739257812,82.80175250134485,-1.0637892337529653,0.9244763286896781,-1
2024-07-11,69.09050750732422,69.73389441593893,68.55599553487433,69.46664220563603,15624800,69.25482177734375,69.00599802936384,69.27131907145183,61.5804494262813,1.5441360473632812,4.2668632326979035,-27.65939892242931,0.9751608391646681,1
2024-07-12,68.53619384765625,69.31816463848348,68.46690567894214,69.18948876854128,12145300,69.09644622802735,68.84939663546132,69.03177642822266,49.28635078961331,-0.7918777465820312,-126.97273506519726,-94.53127192919277,0.9503804632400009,1
2024-07-15,68.90243530273438,69.25877661211808,68.5955887787044,68.5955887787044,10171100,69.08258819580078,68.86707619121901,68.96710611979167,56.464596867657505,-0.0692901611328125,-59.94873271669134,-65.62482277272709,0.904820923484365,1
2024-07-16,69.27857208251953,69.52603091305616,68.87274352739844,69.11030189019723,9836800,69.10040435791015,69.0042414883192,69.03243408203124,63.15901751460157,0.089080810546875,39.214959774786266,-35.937362355617786,0.8545142159190336,-1
2024-07-17,70.3080062866211,70.37729446159425,69.23898225688272,69.46664771856291,13533800,69.2231430053711,69.43882975441983,69.43496805826823,75.8587195955762,0.6136932373046875,162.08723417823066,-3.6269148773456994,0.9112738136775337,-1
2024-07-18,70.10013580322266,70.46637758371875,69.71410063949295,69.96155946505527,10682700,69.42506866455078,69.65926510402078,69.72729899088542,69.7866218956056,1.0096282958984375,91.10512364903103,-18.316925565253918,0.8794744397871858,-1
2024-07-19,70.03084564208984,70.60495191350638,69.93186362504929,70.47626849469422,11665500,69.7239990234375,69.78312528337713,69.92922465006511,67.5342199746211,1.4946517944335938,69.72296706069498,-28.57155391542081,0.8381972095211666,-1
2024-07-22,69.66459655761719,70.53565634054277,69.51612732356672,70.13972076210779,12666100,69.87643127441406,69.74361570812383,69.909423828125,55.66390208289071,0.7621612548828125,7.083080718144895,-54.286502907543245,0.8744635710121441,-1
2024-07-23,69.93186950683594,69.98135674359654,69.39735750764797,69.75369884043995,9263600,70.00709075927735,69.8063669743612,69.92790323893229,61.790243581644006,0.6532974243164062,-116.55792984197143,-49.275062839546415,0.8163707039994279,-1
2024-07-24,69.88236999511719,70.11992835030792,69.62501070508493,69.80318135943897,22490800,69.92196350097656,69.8317013146132,69.8863296508789,59.87490954397837,-0.42563629150390625,-43.4788023645608,-59.8364744722008,0.7520800922441383,-1
2024-07-25,69.30826568603516,70.05064217499023,69.23897751580644,69.88237198326968,18821200,69.76358947753906,69.65722277175385,69.6817637125651,41.3103869000279,-0.7918701171875,-132.0365257913511,-94.92756450301077,0.7639970056320688,-1
2024-07-26,69.07070922851562,69.52603258140769,68.13036867064962,69.51613966527665,16789300,69.57156219482422,69.46171825734112,69.45080362955729,35.60102621750906,-0.9601364135742188,-152.11045579705413,-60.9052767518748,0.8903303866572708,-1
2024-07-29,68.91233825683594,69.18949094039218,68.4273135087683,69.13999615325245,10315300,69.42111053466797,69.27859159050607,69.23106231689454,31.924246381075374,-0.75225830078125,-88.72362726183914,-60.69634933893404,0.8646997956505931,-1
2024-07-30,68.48670196533203,69.13998929003073,68.27883747329865,68.84304325220168,12522500,69.13207702636718,69.01462838211472,68.91959279378256,23.7009780928438,-1.4451675415039062,-80.10562775386224,-82.08984136914084,0.8639901998668895,-1
2024-07-31,67.94229888916016,68.5460990663106,67.59585802157659,68.47681089279388,22908800,68.74406280517579,68.65718521779654,68.5230000813802,16.787441669022222,-1.9400711059570312,-138.56791365461604,-85.88711487721623,0.8812403688403145,-1
2024-08-01,69.08061218261719,69.0905126509489,67.82351701905169,68.20955976554221,17275500,68.69853210449219,68.79832753940343,68.635183207194,52.78463252419259,-0.22765350341796875,13.843147490182755,-23.076689956450338,0.9583914214516924,-1
2024-08-02,67.76412200927734,69.52602759019628,67.05143940309803,68.89253361844663,23578700,68.43721466064453,68.45359236269474,68.32371317545572,32.47521124926204,-1.3065872192382812,-74.07495792786081,-71.1999511718748,1.2616307745810043,-1
2024-08-05,66.90296173095703,67.88290407762442,66.22988100259457,67.40777982907262,20770500,68.03533935546875,67.93671548544884,67.81229553222656,24.703387578467577,-2.0093765258789062,-157.73870371632535,-79.57976957413777,1.3399092346707737,1
2024-08-06,67.05144500732422,67.93239787141461,66.9920573024602,67.1504270327124,14815100,67.74828796386718,67.64162532607398,67.48433074951171,28.396631348720497,-1.4352569580078125,-63.195245851428176,-75.075016147039,1.2778146158281343,-1
2024-08-07,66.2298812866211,67.31869856907717,66.13089171852563,67.18012223595606,18499200,67.40580444335937,67.17104397958968,66.97819519042969,21.203551644302976,-1.7124176025390625,-94.87085578272452,-97.08437094016058,1.259813062772815,1
2024-08-08,66.97225952148438,67.22961126022997,65.99231714449321,66.16058733179085,12489800,66.98413391113282,67.10478249355458,66.83368021647135,38.73301273599877,-2.1083526611328125,-60.51862470403305,-72.26874153815417,1.2553092733656037,1
2024-08-09,67.2593002319336,67.52655997057917,66.64560722822367,67.16031822022329,13805600,66.88316955566407,67.15628840634758,66.92540232340495,44.680931881988954,-0.50482177734375,51.67995669826353,-34.69431091917063,1.1804379671635836,1
2024-08-12,68.00167846679688,68.51639702441035,67.3780849796797,67.64533717363173,17385300,67.10291290283203,67.43808509316402,67.29823862711588,57.895634767230035,1.0987167358398438,136.65282473891324,-20.392324415278594,1.1957697322262186,1
2024-08-13,67.4374771118164,67.91260138455635,66.45754226710518,67.73443072625939,26557900,67.18011932373047,67.43788243271482,67.40976003011068,47.18720669032787,0.3860321044921875,23.086033013051306,-42.74507796597013,1.2654430257193134,1
2024-08-14,67.96210479736328,68.09078068563791,67.16033295733574,67.22962113592132,22928600,67.52656402587891,67.61262322093097,67.67042185465495,56.532123193102834,1.7322235107421875,63.65643143251051,-21.960169781364748,1.1984439662358848,1
2024-08-15,72.4361572265625,73.68335198558383,72.04022154333485,73.36660494937072,49567500,68.61934356689453,69.22046788947482,69.30695292154948,84.93960022046718,5.463897705078125,166.6666666666658,-17.260276807896858,2.103004610632817,1
2024-08-16,72.91062927246094,73.06945797463928,71.98745826781504,72.166136771081,19872100,69.749609375,70.45052168380353,70.73738149007161,86.14030816728156,5.651329040527344,82.4489699637738,-10.693925569985552,1.8988036298711004,1
2024-08-19,73.17865753173828,73.43675040978596,72.80144311612166,72.85107898345123,13709300,70.78500518798828,71.35990029978178,71.88039754231771,86.8789750272237,5.176979064941406,63.384549948651255,-6.984607587366776,1.6461043626297398,1
2024-08-20,73.99263763427734,74.20109465024282,73.17865937382487,73.20843786562419,14434000,72.09603729248047,72.2374794112803,72.9496083577474,89.08690879622559,6.5551605224609375,69.54599802300065,-2.96071682379877,1.5213709138047002,1
2024-08-21,74.6875,75.02500727043599,74.04227152654921,74.74706456147153,14832000,73.44111633300781,73.05415294085354,73.81342926025391,90.74817977966764,6.725395202636719,124.1949320732828,-11.11117121550217,1.4235706582754901,1
2024-08-22,75.0250015258789,75.66030126154531,74.59815880597458,74.81654451011683,16511100,73.9588851928711,73.71110246919534,74.34139099121094,91.53091710119232,2.5888442993164062,104.85112162924992,-17.297220075862118,1.3512850177345395,1
2024-08-23,75.14411163330078,75.25330447976339,74.45918363765426,75.04484747470838,12299100,74.40558166503907,74.18877219056382,74.73646647135416,91.83563242478539,2.2334823608398438,62.930624195805585,-18.055797174505795,1.2398521826094564,1
2024-08-26,75.47169494628906,75.6503734724048,75.01507372918671,75.34265228929394,9508200,74.86418914794922,74.6164131091389,75.09183756510417,92.73433585064984,2.2930374145507812,90.07738122649413,-7.600061724840534,1.118941694731182,1
2024-08-27,75.57095336914062,75.88860321661404,75.21359634406181,75.88860321661404,11557800,75.17985229492187,74.93459319580614,75.32742563883464,93.02512994439986,1.5783157348632812,104.32135365973872,-17.204376070816686,1.030154730295392,1
2024-08-28,75.52133178710938,75.86876015531286,75.2533102078021,75.71986011940552,9814300,75.34661865234375,75.13017272624056,75.44125213623047,90.7552888481078,0.833831787109375,71.15121848624172,-25.693745553138434,0.9472137737384644,1
2024-08-29,75.85883331298828,75.9084691839556,75.11434068870213,75.4319905721294,11856800,75.51338500976563,75.37305958848981,75.61199035644532,92.34359801979636,0.833831787109375,72.29043976782145,-3.424851030495357,0.9165967180414665,-1
2024-08-30,76.66287994384766,76.90111543028043,75.66029456061247,75.87868024541316,23230000,75.817138671875,75.80299970694243,75.99515533447266,94.93500738019026,1.518768310546875,166.6666666666684,-12.631506837553907,0.9814415483667644,-1
2024-09-03,76.60330963134766,77.23860926297111,76.2360315285032,76.76213832593803,22666100,76.04346160888672,76.06976968174418,76.25721232096355,92.04969844143592,1.1316146850585938,103.6465987553818,-29.906747165530966,0.9856687855869929,1
2024-09-04,76.67279815673828,76.91104120752568,76.16654871389593,76.76214119412587,18442800,76.26383056640626,76.27077917340888,76.4669911702474,92.38707188351097,1.1018447875976562,58.701502660912766,-26.635572972571975,0.9374335271955443,1
2024-09-05,76.39486694335938,76.88126665815298,75.829052866412,76.68273832613897,13082900,76.43853759765625,76.31214176339239,76.5106699625651,76.21695605258691,0.87353515625,7.626488089831536,-39.719192282552584,0.960389580104632,1
2024-09-06,76.07720947265625,76.75221633683056,75.73970982725392,76.3353023372031,14548600,76.48221282958984,76.23383099981368,76.39022725423177,60.97093412523836,0.21837615966796875,-113.73109136336657,-73.58480463872381,0.9708129659990334,1
2024-09-09,76.7720718383789,76.90112206691805,75.92831508886162,76.28567213603581,22260200,76.5040512084961,76.41324461266876,76.48684692382812,74.77045665731372,0.10919189453125,25.795710265400423,-31.125331925218546,0.971211768410512,1
2024-09-10,78.23127746582031,78.32062051309644,76.71251382245704,76.7819994932851,17686300,76.82964477539062,77.01925556371928,77.06258900960286,86.91494429408402,1.6279678344726562,166.66666666666887,-3.4616869063396227,1.0985907528562904,-1
2024-09-11,78.26104736328125,78.34046171361285,77.0003767385864,77.80442620892842,19518800,77.14729461669921,77.43318616357328,77.5397232055664,87.07362257816038,1.5882492065429688,88.73176414612098,-3.0535150526328825,1.1468895972903237,-1
2024-09-12,79.07504272460938,79.32320691959241,78.04267876467556,78.4099569262935,14884900,77.68332977294922,77.98047168391865,78.18230590820312,90.86134907734926,2.68017578125,107.60719395515908,-6.925195935378536,1.1736173088156292,-1
2024-09-13,80.00813293457031,80.09747598066853,79.10481922571513,79.23386187744586,12994100,78.46951446533203,78.65635876746921,78.95724029541016,93.56373518840117,3.9309234619140625,117.25486719713416,-2.1429503062305733,1.1433804982643352,-1
2024-09-16,79.96842193603516,80.42504311269971,79.5515079364766,80.24636460240752,15346400,79.10878448486328,79.0937131569912,79.45687611897786,92.11465890775764,3.19635009765625,93.25368918379003,-12.299463276011158,1.0894114338560912,-1
2024-09-17,78.02281188964844,79.67062557895188,77.68531226077575,79.17429724940786,21065900,79.06709136962891,78.73674606787695,79.09488525390626,47.27457930232966,-0.208465576171875,-48.0987282466057,-70.14497065201684,1.3281510821367553,1
2024-09-18,78.44965362548828,78.8268679984239,77.70516114000276,78.06251813890535,15684900,79.10481262207031,78.64104858708073,78.88907267252604,53.48412606188224,0.18860626220703125,-77.16356736983592,-72.10158931576144,1.2868622373936311,1
2024-09-19,77.46693420410156,78.50921925464722,76.92096995855142,78.4695196489436,21525700,78.78319091796875,78.24967712608768,78.34311319986979,39.945365163519945,-1.6081085205078125,-96.53585193195632,-84.41915389512346,1.3471396491340644,1
2024-09-20,78.47944641113281,79.025410695971,77.53642545372566,77.65554699951869,39534300,78.47745361328126,78.32626688776939,78.24186503092447,54.71036834844524,-1.5286865234375,-23.566493583195452,-55.523860832174975,1.38940701768114,-1
2024-09-23,79.7401123046875,79.84930514451172,78.48936277702694,78.48936277702694,12147300,78.43179168701172,78.79754869340877,78.66275126139323,67.24422330679367,-0.22830963134765625,160.7473701355629,-3.728836792582191,1.385497360820693,-1
2024-09-24,80.0776138305664,80.31585689037851,79.65077114844834,79.88901420826045,14651100,78.8427520751953,79.22423707246132,79.21135864257812,70.02069463069586,2.0548019409179688,112.03905534659829,-7.017702344622312,1.2414150370425885,-1
2024-09-25,80.80226135253906,81.00078967414404,80.08754727736911,80.29600428706534,14163800,79.31327362060547,79.75024516582057,79.86452840169271,75.57678402136072,2.3526077270507812,98.95868573191602,-4.86610525573542,1.1777671983495985,-1
2024-09-26,79.3331298828125,80.6037293789879,78.67798033094661,80.44490822865116,17061100,79.68651275634765,79.61120673815122,79.87114715576172,51.42437163129349,1.8661956787109375,-4.444087520471443,-48.137542279839806,1.3670699629981693,-1
2024-09-27,79.19415283203125,79.70040988566986,79.01547431741585,79.31327436623147,11899100,79.82945404052734,79.47218876944457,79.70702718098958,49.55186005260739,0.7147064208984375,-70.1755816610499,-71.93666852045958,1.2306430840493365,1
2024-09-30,80.15702819824219,80.34563539395161,79.27356434471317,79.30334283385264,18997000,79.91283721923828,79.70046857904379,79.81621856689453,61.64659684336719,0.4169158935546875,7.765476933912785,-36.32504227576371,1.2148109796235413,-1
2024-10-01,80.67321014404297,80.93130301767926,79.84931080339275,80.08754630108861,16054200,80.03195648193359,80.02471576737685,80.06967620849609,66.95537774959791,0.5955963134765625,72.89281324254078,-14.102730000653018,1.1882472265561335,-1
2024-10-02,79.83938598632812,80.3952713656931,79.53166480466113,80.3952713656931,16618300,79.83938140869141,79.96293917369394,80.00548604329427,52.3295732015347,-0.9628753662109375,17.58667016708025,-48.45808537677433,1.178906849121274,-1
2024-10-03,79.83938598632812,79.98828601962097,79.26364323005996,79.71034332993848,11640400,79.94063262939453,79.92175477790533,80.00548756917318,52.3295732015347,0.506256103515625,-38.54189850695178,-56.99450223295038,1.0880540372092227,-1
2024-10-04,80.34564208984375,80.5143919246105,79.26364226292996,79.4621781626881,11583400,80.17093048095703,80.06305054855147,80.14049072265625,60.51251714290132,1.1514892578125,9.087482737793117,-35.11870901606427,1.120593162103487,-1
2024-10-07,78.5191421508789,80.34563438668738,78.4000281958143,80.09747021581016,16791600,79.84335327148438,79.54841441599396,79.5898946126302,34.10806980908649,-1.6378860473632812,-139.2133629309066,-95.29430964841475,1.2855973084886796,1
2024-10-08,79.12466430664062,79.23385714903884,78.48936462725257,79.03532883924366,15270000,79.53364410400391,79.40716437954285,79.35033162434895,44.19827261894016,-1.5485458374023438,-94.45148073420725,-65.72793503041743,1.1773763511481978,1
2024-10-09,79.80960083007812,79.9088649861945,79.16437245526723,79.23385812188565,12413000,79.5276870727539,79.54130986305461,79.44231719970703,54.130036012396545,-0.02978515625,26.503781372896555,-33.33348396652871,1.0987412168293336,1
2024-10-10,79.02540588378906,79.73019128006344,78.87650585395754,79.72026259184264,10812700,79.3648910522461,79.36934186996609,79.27489013671875,43.141139955315175,-0.8139801025390625,-31.914285827541075,-70.4224169447508,1.065611968687584,1
2024-10-11,79.51180267333984,79.54158116354375,78.78716750047877,79.11473846609152,9570700,79.19812316894532,79.41682880442401,79.32386067708333,50.87344122150897,-0.8338394165039062,18.326081378329825,-42.85716797464336,1.0033723075630632,1
2024-10-14,79.70040893554688,79.9187946256256,79.17430208583163,79.46217344335633,9914500,79.4343765258789,79.51135551479831,79.49128926595053,53.91138477042626,1.1812667846679688,78.8957862583715,-15.27781635528046,0.9515963540092439,-1
2024-10-15,81.05042266845703,81.21917249317706,79.91879461400436,80.07761575098503,13276200,79.81952819824218,80.02437789935122,80.02997131347657,70.32845381955866,1.9257583618164062,166.66666666666669,-6.938712100783883,1.0650297947334313,-1
2024-10-16,80.62358093261719,81.06035231789296,80.0279884084765,80.93130209585975,11123300,79.98232421875,80.22411224377322,80.29798889160156,61.649450066543245,0.8139801025390625,74.7644832773196,-24.489734287061047,1.0584966176700372,1
2024-10-17,80.2959976196289,80.90151879562522,80.05776213881099,80.67320442870474,9424700,80.23644256591797,80.24807403572512,80.40254669189453,55.12354364746599,1.2705917358398438,36.64023889262819,-37.95941522816928,1.015548625498877,1
2024-10-18,80.71292114257812,81.0901355696003,80.06770028800493,80.276157305026,12324100,80.47666625976562,80.4030230713428,80.56137288411459,61.59171085593579,1.2011184692382812,49.69394252016136,-24.75713613832996,1.0169259567181772,1
2024-10-21,80.21659088134766,80.95116234142041,80.1272554075759,80.63351247905953,9750400,80.57990264892578,80.34087900801109,80.4746810913086,50.714465925790776,0.5161819458007812,-79.07915003774703,-77.09925152427546,0.9783221521434442,1
2024-10-22,81.4177017211914,81.6261662992076,80.23644536152871,80.51438803439052,12240100,80.65335845947266,80.69981991240454,80.75394744873047,67.87580669830064,0.367279052734375,166.66666666666922,-13.043890747407827,1.0645728052867438,-1
2024-10-23,82.65852355957031,82.72800922856334,81.19932451071679,81.28865998226357,13058200,81.06034698486329,81.35272112812646,81.42233581542969,77.83993218294688,2.034942626953125,149.68917512346601,-2.6022186957787907,1.157395187798704,-1
2024-10-24,82.43021392822266,82.70815659468,81.97359275141848,82.35079957398636,11645900,81.48719024658203,81.7118853948252,81.87895812988282,72.65662446608995,2.13421630859375,91.10640742546235,-11.194011936003667,1.0728289188912685,-1
2024-10-25,81.90410614013672,82.68830583909352,81.83462047432381,82.5890341107583,8959400,81.72542724609374,81.77595897659572,82.01793009440104,60.96340117530244,1.1911849975585938,46.71907270059043,-31.67939548056897,1.0290002080669554,-1
2024-10-28,82.14234161376953,82.46992014113707,81.86439895056176,82.14234161376953,7990200,82.11057739257812,81.89808652232033,82.15690155029297,64.2225907729605,1.925750732421875,30.92764747953543,-23.50602457126042,0.9443044045686247,-1
2024-10-29,81.10005187988281,82.25153732286908,81.07027338969692,82.06293012053207,9682400,82.0470474243164,81.63207497484116,81.82005971272787,44.0909505654427,-0.31764984130859375,-166.66666666666669,-98.20366493335553,0.9916963102893321,1
2024-10-30,80.79232788085938,81.2290992505738,80.70299241343756,81.0007848782132,9268800,81.67380828857422,81.35215927684723,81.40181986490886,39.519201165182906,-1.8661956787109375,-121.37389875336903,-95.54473053840088,0.8985784156587137,1
2024-10-31,81.34821319580078,81.8346204295948,80.62357804891509,80.69306371469001,15539000,81.45740814208985,81.35084391649842,81.29328816731771,50.99337864910725,-1.082000732421875,-47.84419311689295,-64.9040832243039,0.9610712086629138,1
2024-11-01,81.58645629882812,81.92395594037943,80.94122793150818,81.92395594037943,12181800,81.39387817382813,81.42938137727499,81.3363042195638,55.514703228320016,-0.31764984130859375,5.659762143608646,-47.84941241553672,0.965402568704581,1
2024-11-04,81.84454345703125,82.30117221236357,81.39785096280279,81.5963792772666,11731000,81.33431854248047,81.56776873719375,81.48652598063151,60.45505598592106,-0.29779815673828125,122.09104275418134,-27.21926227936251,0.9529863048758199,1
2024-11-05,83.06551361083984,83.15484907932355,81.90410708033373,82.0728569030494,10612500,81.72741088867187,82.06701702840911,82.06359100341797,76.13079637932724,1.9654617309570312,139.8156542203944,-3.529273136322142,1.024450168359117,1
2024-11-06,82.82727813720703,84.91185570928802,81.45740703324007,84.51479151142267,19974000,82.1344009399414,82.32043739800842,82.43021341959636,69.4191680816682,2.0349502563476562,101.67077400492553,-48.61106805989108,1.510449869896883,1
2024-11-07,83.23426818847656,83.77030375010985,82.80742547680765,83.10522553550507,12665800,82.51161193847656,82.6250476614978,82.79683583577474,74.26416179933415,1.8860549926757812,81.9026478864695,-42.24993161533448,1.4009355505779455,-1
2024-11-08,84.20706939697266,84.79273321279646,83.61147689363857,83.66110518445083,14396500,83.03573455810547,83.15238823998942,83.3619883219401,82.53258739621988,2.6206130981445312,133.18433906895143,-20.05649858669951,1.4324414453263368,-1
2024-11-11,83.59162139892578,84.78281400575818,83.50228592943247,84.32618525044876,10433200,83.38515014648438,83.29879929296821,83.54728393554687,65.8115290788887,1.7470779418945312,67.39072884387593,-38.21837966551147,1.4020587715262114,-1
2024-11-12,84.36589050292969,84.9019260277674,83.87949084225771,83.87949084225771,12860200,83.64522552490234,83.65449636295537,83.87419738769532,74.07218884874956,1.3003768920898438,83.06101757458394,-15.804698739451018,1.3837079429892933,1
2024-11-13,84.87215423583984,85.16002560930384,84.1475114580346,84.36589716020522,12802600,84.0542007446289,84.06038232058353,84.28317362467448,78.34807778733801,2.0448760986328125,104.33501140678928,-12.23630694769019,1.3094691846452835,1
2024-11-14,83.84971618652344,85.13024429217252,83.72066596314048,84.4056015384195,15740700,84.17729034423829,83.99016027589684,84.21501210530599,55.317931642337314,0.615447998046875,-22.19288469913082,-79.04192912134906,1.3294910135226357,1
2024-11-15,83.6313247680664,84.15743159344392,83.32360362266508,83.90926742499269,17370600,84.06214141845703,83.87054843995337,84.03302357991537,51.292342391938284,-0.57574462890625,-112.05661213889093,-83.24344036173528,1.230358404973877,1
2024-11-18,83.46257781982422,84.22692015264273,83.04566382010503,84.19714166314417,25278100,84.03633270263671,83.73455823324366,83.83316904703776,47.92392227103135,-0.1290435791015625,-94.1628879050313,-80.28180409573307,1.2205379904866416,1
2024-11-19,85.96407318115234,87.64166551497655,85.27914517238204,85.5967950299861,36340900,84.35596923828125,84.47772988254656,84.47574920654297,76.50928607051421,1.5981826782226562,148.47168442463894,-36.501125221432396,1.8122479314197804,1
2024-11-20,86.5398178100586,86.55966761324422,85.2791470400927,85.9640750638637,18183200,84.689501953125,85.16509252505057,85.20369873046874,79.71306219919722,1.66766357421875,78.39266631555451,-23.974049142485367,1.7059024597661283,1
2024-11-21,87.74092864990234,87.98909283492263,86.29165071818827,86.8078288907477,18729200,85.46774444580078,86.02370456666783,86.22084096272786,85.03532611685633,3.8912124633789062,91.07060915408316,-5.020081896117667,1.7042103911597755,1
2024-11-22,89.77587890625,90.24242879055556,88.27696509299317,88.75344366534374,23990600,86.6966552734375,87.27442934652856,87.65688578287761,90.38011466485881,6.144554138183594,130.90084507107017,-6.482772276449056,1.8636683410584645,1
2024-11-25,88.8427734375,90.28212260350834,88.40600207198266,89.8354301239525,25078600,87.77269439697265,87.79721071018571,88.37225850423177,75.0219720099008,5.380195617675781,76.8213400931127,-28.769851270032763,1.866158779151909,1
2024-11-26,90.63948059082031,91.20529460524563,89.1802740343104,89.22990989851439,16657000,88.70777587890625,88.74463400373058,89.32785390218099,82.27250290296995,4.675407409667969,88.48543186629463,-9.54775439194978,1.9654312568706527,1
2024-11-27,91.2052993774414,91.57258510100769,90.63948533341063,91.32442091374209,14358900,89.64087219238282,89.56485579496753,90.16036173502604,84.09044396474098,4.6654815673828125,109.82173703387386,-6.954938216259254,1.7589659075339976,1
2024-11-29,91.82074737548828,91.95971871159242,91.1457404972526,91.58251188121976,11041200,90.4568359375,90.31681965514112,90.8869867960612,86.03726836368622,4.0798187255859375,103.40088282800733,-3.7735713679644123,1.5699683688951607,1
2024-12-02,91.95972442626953,92.30715278812018,91.27478881764233,92.13840295141705,17173000,90.8936050415039,90.8644545788506,91.38794962565105,86.50344799425164,2.1838455200195312,79.26211595283986,-8.905791832483478,1.4624474892116979,1
2024-12-03,92.82333374023438,92.90274052355545,91.58251281707521,92.09869098882668,17775200,91.68971710205078,91.51741429931187,92.03119252522787,89.28282501904738,3.980560302734375,107.41379711057326,-2.133176579305629,1.4340035326654061,1
2024-12-04,93.75643157958984,93.82591725254308,92.36671812052526,92.76377478118923,17312600,92.31310729980468,92.26375339273787,92.72009735107422,91.61494304933774,3.1169509887695312,129.17026655446588,-2.18067339007052,1.4390426525358881,-1
2024-12-05,94.60018920898438,94.89798168336638,93.64723208552648,94.19319631528155,21932300,92.99208526611328,93.04256533148671,93.48245798746744,93.27022289562586,3.3948898315429688,122.81709599120786,-7.936389469953886,1.4013840415966905,-1
2024-12-06,94.99724578857422,95.47372435003773,94.62996764637069,94.83842465033291,18803500,93.62738494873047,93.69412548384922,94.15084482828776,93.97038657355428,3.1764984130859375,104.15086562898436,-11.347603643528403,1.295814261488023,-1
2024-12-09,93.1409912109375,95.23549770639387,92.91267681012133,94.95755500861453,20931100,93.86363830566407,93.50974739287865,93.98871358235677,58.43977993882697,1.1812667846679688,-2.093971649830626,-59.94876195600285,1.5012155884449279,1
2024-12-10,93.85569763183594,94.54062563134386,93.0814190143624,93.35936926270591,13164500,94.07011108398437,93.62506413919775,93.98606669108072,64.83832613262197,1.0323638916015625,-30.848836665582372,-52.07671303754297,1.4928137941522348,1
2024-12-11,94.26268005371094,94.98732278260938,93.80605887697658,93.84576605408866,19682100,94.17136077880859,93.83760277736882,94.05025634765624,68.31104315104822,0.5062484741210938,14.110170035142156,-47.287068180168234,1.4305038164483488,-1
2024-12-12,93.3990707397461,95.01710610249833,93.3990707397461,94.97739892336766,14298600,93.93113708496094,93.69142543149458,93.79282633463542,54.13048174586565,-1.2011184692382812,-39.88362622741485,-81.0080085572857,1.4680101257091267,-1
2024-12-13,93.76518249511719,94.19297089923138,92.5614075882259,93.3175003097148,11495900,93.68472442626953,93.71601111936879,93.73750813802083,58.676262360673164,-1.2320632934570312,-115.24230705661287,-54.983756952963304,1.5007207627683974,-1
2024-12-16,94.38199615478516,95.21767159314898,93.61595274613569,93.93430637839084,16742000,93.93292541503907,93.93800613117425,93.96993204752604,65.81158455147735,1.2410049438476562,89.27463382149871,-31.460556511513747,1.5209203796173756,-1
2024-12-17,94.92916107177734,94.9988006906461,93.83482095091854,94.65060259630229,23560800,94.14761810302734,94.26839111137528,94.30201059977213,71.30555262657457,1.0734634399414062,82.21564845433436,-10.861515302579638,1.4495322516394138,-1
2024-12-18,93.06878662109375,95.40669682326516,92.65094131109748,94.84957227331992,24665600,93.90883941650391,93.86852294794811,93.94240010579428,42.36897155301507,-1.1938934326171875,-57.180248438398195,-82.16775199443495,1.7107769037450675,-1
2024-12-19,92.9195556640625,94.08353540935236,92.8797605116403,93.99400200901432,16606500,93.81293640136718,93.55220051998624,93.61263885498047,40.71236722127357,-0.47951507568359375,-84.7710326339428,-87.41259512649674,1.6093765025384672,-1
2024-12-20,91.76551818847656,93.26775292076206,91.1586554022602,92.53156158294928,49350600,93.41300354003906,92.95663974281635,92.93016611735025,29.545465235163945,-1.999664306640625,-138.28662160759478,-85.71429216260323,1.7093207057311481,-1
2024-12-23,89.88524627685547,91.02933229919218,88.45265866754697,91.02933229919218,26205400,92.51365356445312,91.93284192082939,91.75424702962239,18.956159887742402,-4.4967498779296875,-137.12190843514634,-79.39919831859845,2.030028468770837,-1
2024-12-24,92.20325469970703,92.20325469970703,89.88523839012441,89.90513976067605,8992400,91.96847229003906,92.02297951378861,91.6507807413737,47.7913776865871,-2.7259063720703125,-36.08271496151437,-46.06592675831084,2.087626036933193,-1
2024-12-26,92.31269073486328,92.40222413312814,91.69587727182541,92.06397673059546,10994000,91.81725311279297,92.11954992081351,91.76552022298178,48.865061283728465,-0.7560958862304688,28.97262852789017,-31.448826811316565,1.8113702018071012,-1
2024-12-27,91.18851470947266,91.87496026424847,90.5617505023146,91.65609070556786,11384400,91.471044921875,91.80920485036657,91.55594075520834,38.656945224910864,-1.7310409545898438,-11.827839284607231,-43.181672090864595,1.7992842079554183,-1
